model,k,recall@10,mrr@10,ndcg@10,hit@10,precision@10
ItemKNN,1,0.1746,0.3467,0.1974,0.6691,0.1368
ItemKNN,5,0.2068,0.4027,0.2322,0.7338,0.1592
ItemKNN,10,0.2316,0.424,0.2527,0.7741,0.1748
ItemKNN,100,0.247,0.4623,0.2834,0.7847,0.1931
ItemKNN,500,0.2354,0.4575,0.2744,0.7561,0.1807
UserKNN,1,0.1135,0.1747,0.1034,0.5154,0.0785
UserKNN,5,0.1937,0.3389,0.1984,0.7094,0.1356
UserKNN,10,0.2183,0.3997,0.238,0.7466,0.1598
UserKNN,100,0.2442,0.4834,0.2873,0.7805,0.1885
UserKNN,500,0.2123,0.4321,0.2472,0.7444,0.1619
